<?xml version="1.0" encoding="utf-8"?><Edmx xmlns:edmx="http://schemas.microsoft.com/ado/2007/06/edmx" xmlns:m="http://schemas.microsoft.com/ado/2007/08/dataservices/metadata" xmlns:sap="http://www.sap.com/Protocols/SAPData" Version="1.0"><DataServices m:DataServiceVersion="2.0"><Schema xmlns="http://schemas.microsoft.com/ado/2008/09/edm" Namespace="sap_mobile" xml:lang="en" sap:schema-version="1"><EntityType Name="BOMHeader" sap:content-version="1"><Key><PropertyRef Name="BOMCategory"/><PropertyRef Name="BOMId"/></Key><Property Name="AlternativeBOM" Type="Edm.String" Nullable="false" MaxLength="2" sap:label="Alternative" sap:creatable="false" sap:updatable="false" sap:sortable="false" sap:filterable="false"/><Property Name="BOMCategory" Type="Edm.String" Nullable="false" MaxLength="1" sap:label="BOM category" sap:creatable="false" sap:updatable="false" sap:sortable="false" sap:filterable="false"/><Property Name="BOMId" Type="Edm.String" Nullable="false" MaxLength="8" sap:label="BOM" sap:creatable="false" sap:updatable="false" sap:sortable="false" sap:filterable="false"/><Property Name="BOMDescription" Type="Edm.String" Nullable="false" MaxLength="40" sap:label="BOM text" sap:creatable="false" sap:updatable="false" sap:sortable="false" sap:filterable="false"/><Property Name="BOMGroup" Type="Edm.String" Nullable="false" MaxLength="18" sap:label="BOM group" sap:creatable="false" sap:updatable="false" sap:sortable="false" sap:filterable="false"/><Property Name="BOMStatus" Type="Edm.String" Nullable="false" MaxLength="2" sap:label="BOM status" sap:creatable="false" sap:updatable="false" sap:sortable="false" sap:filterable="false"/><Property Name="BaseQuantity" Type="Edm.String" Nullable="false" MaxLength="13" sap:label="Base quantity" sap:creatable="false" sap:updatable="false" sap:sortable="false" sap:filterable="false"/><Property Name="BaseUoM" Type="Edm.String" Nullable="false" MaxLength="3" sap:label="Base unit" sap:creatable="false" sap:updatable="false" sap:filterable="false" sap:semantics="unit-of-measure"/><Property Name="Counter" Type="Edm.String" Nullable="false" MaxLength="8" sap:label="Counter" sap:creatable="false" sap:updatable="false" sap:sortable="false" sap:filterable="false"/><Property Name="ValidFrom" Type="Edm.String" Nullable="false" MaxLength="10" sap:label="Valid From" sap:creatable="false" sap:updatable="false" sap:sortable="false" sap:filterable="false"/><Property Name="ValidTo" Type="Edm.String" Nullable="false" MaxLength="10" sap:label="to" sap:creatable="false" sap:updatable="false" sap:sortable="false" sap:filterable="false"/><NavigationProperty Name="BOMItems_Nav" Relationship="sap_mobile.BOMHeader_BOMItem" FromRole="FromRole_BOMHeader_BOMItem" ToRole="ToRole_BOMHeader_BOMItem"/><NavigationProperty Name="EquiBOMs_Nav" Relationship="sap_mobile.BOMHeader_EquiBOM" FromRole="FromRole_BOMHeader_EquiBOM" ToRole="ToRole_BOMHeader_EquiBOM"/><NavigationProperty Name="FLocBOMs_Nav" Relationship="sap_mobile.BOMHeader_FLocBOM" FromRole="FromRole_BOMHeader_FLocBOM" ToRole="ToRole_BOMHeader_FLocBOM"/></EntityType><EntityType Name="BOMItem" sap:content-version="1"><Key><PropertyRef Name="BOMCategory"/><PropertyRef Name="BOMId"/><PropertyRef Name="ItemNode"/></Key><Property Name="BOMCategory" Type="Edm.String" Nullable="false" MaxLength="1" sap:label="BOM category" sap:creatable="false" sap:updatable="false" sap:sortable="false" sap:filterable="false"/><Property Name="BOMId" Type="Edm.String" Nullable="false" MaxLength="8" sap:label="BOM" sap:creatable="false" sap:updatable="false" sap:sortable="false" sap:filterable="false"/><Property Name="ItemNode" Type="Edm.String" Nullable="false" MaxLength="8" sap:label="Item node" sap:creatable="false" sap:updatable="false" sap:sortable="false" sap:filterable="false"/><Property Name="BOMPath" Type="Edm.String" Nullable="false" MaxLength="256" sap:label="Charact.string (256)" sap:creatable="false" sap:updatable="false" sap:sortable="false" sap:filterable="false"/><Property Name="Component" Type="Edm.String" Nullable="false" MaxLength="18" sap:label="Component" sap:creatable="false" sap:updatable="false" sap:sortable="false" sap:filterable="false"/><Property Name="Counter" Type="Edm.String" Nullable="false" MaxLength="8" sap:label="Counter" sap:creatable="false" sap:updatable="false" sap:sortable="false" sap:filterable="false"/><Property Name="InheritedItemNode" Type="Edm.String" Nullable="false" MaxLength="8" sap:label="Item node" sap:creatable="false" sap:updatable="false" sap:sortable="false" sap:filterable="false"/><Property Name="ItemCategory" Type="Edm.String" Nullable="false" MaxLength="1" sap:label="Item category" sap:creatable="false" sap:updatable="false" sap:sortable="false" sap:filterable="false"/><Property Name="ItemGroup" Type="Edm.String" Nullable="false" MaxLength="20" sap:label="Item group" sap:creatable="false" sap:updatable="false" sap:sortable="false" sap:filterable="false"/><Property Name="ItemId" Type="Edm.String" Nullable="false" MaxLength="4" sap:label="Item" sap:creatable="false" sap:updatable="false" sap:filterable="false"/><Property Name="ItemText1" Type="Edm.String" Nullable="false" MaxLength="40" sap:label="Item Text" sap:creatable="false" sap:updatable="false" sap:sortable="false" sap:filterable="false"/><Property Name="ItemText2" Type="Edm.String" Nullable="false" MaxLength="40" sap:label="Item text" sap:creatable="false" sap:updatable="false" sap:sortable="false" sap:filterable="false"/><Property Name="ObjectType" Type="Edm.String" Nullable="false" MaxLength="1" sap:label="Object Type" sap:creatable="false" sap:updatable="false" sap:sortable="false" sap:filterable="false"/><Property Name="PMAssembly" Type="Edm.String" Nullable="false" MaxLength="1" sap:label="PM assembly" sap:creatable="false" sap:updatable="false" sap:sortable="false" sap:filterable="false"/><Property Name="Quantity" Type="Edm.String" Nullable="false" MaxLength="13" sap:label="Quantity" sap:creatable="false" sap:updatable="false" sap:sortable="false" sap:filterable="false"/><Property Name="RequiredComponent" Type="Edm.String" Nullable="false" MaxLength="1" sap:label="Reqd Component" sap:creatable="false" sap:updatable="false" sap:sortable="false" sap:filterable="false"/><Property Name="Sort" Type="Edm.String" Nullable="false" MaxLength="10" sap:label="Sort String" sap:creatable="false" sap:updatable="false" sap:sortable="false" sap:filterable="false"/><Property Name="UoM" Type="Edm.String" Nullable="false" MaxLength="3" sap:label="Component unit" sap:creatable="false" sap:updatable="false" sap:sortable="false" sap:filterable="false" sap:semantics="unit-of-measure"/><Property Name="ValidFrom" Type="Edm.String" Nullable="false" MaxLength="10" sap:label="Valid From" sap:creatable="false" sap:updatable="false" sap:sortable="false" sap:filterable="false"/><Property Name="ValidTo" Type="Edm.String" Nullable="false" MaxLength="10" sap:label="to" sap:creatable="false" sap:updatable="false" sap:sortable="false" sap:filterable="false"/><Property Name="ChildBoMCategory" Type="Edm.String" Nullable="false" MaxLength="1" sap:label="BOM Cat NxtLvl" sap:creatable="false" sap:updatable="false" sap:sortable="false" sap:filterable="false"/><Property Name="ChildBoMId" Type="Edm.String" Nullable="false" MaxLength="8" sap:label="BOM No. Nxt Lvl" sap:creatable="false" sap:updatable="false" sap:sortable="false" sap:filterable="false"/><Property Name="ChildItemNode" Type="Edm.String" Nullable="false" MaxLength="8" sap:label="Item node" sap:creatable="false" sap:updatable="false" sap:sortable="false" sap:filterable="false"/><Property Name="ChildBoMUsage" Type="Edm.String" Nullable="false" MaxLength="1" sap:label="BOM Usage NL" sap:creatable="false" sap:updatable="false" sap:sortable="false" sap:filterable="false"/><Property Name="MaterialDesc" Type="Edm.String" Nullable="false" MaxLength="40" sap:label="Description" sap:creatable="false" sap:updatable="false" sap:sortable="false" sap:filterable="false"/><Property Name="DocDesc" Type="Edm.String" Nullable="false" MaxLength="40" sap:label="Description" sap:creatable="false" sap:updatable="false" sap:sortable="false" sap:filterable="false"/><Property Name="MaterialNum" Type="Edm.String" Nullable="false" MaxLength="18" sap:label="Material" sap:creatable="false" sap:updatable="false" sap:sortable="false" sap:filterable="false"/><NavigationProperty Name="BOMHeader_Nav" Relationship="sap_mobile.BOMHeader_BOMItem" FromRole="ToRole_BOMHeader_BOMItem" ToRole="FromRole_BOMHeader_BOMItem"/><NavigationProperty Name="Material_Nav" Relationship="sap_mobile.Material_MaterialBoM" FromRole="ToRole_Material_MaterialBoM" ToRole="FromRole_Material_MaterialBoM"/></EntityType><EntityType Name="Certificate" m:HasStream="true" sap:content-version="1"><Key><PropertyRef Name="DocId"/></Key><Property Name="DocId" Type="Edm.String" Nullable="false" MaxLength="40" sap:label="Doc. ID" sap:creatable="false" sap:updatable="false" sap:sortable="false"/><Property Name="ActiveVersion" Type="Edm.String" MaxLength="1" sap:label="Active version" sap:creatable="false" sap:updatable="false" sap:filterable="false"/><Property Name="ArchivId" Type="Edm.String" Nullable="false" MaxLength="2" sap:label="Cont.Rep.ID" sap:creatable="false" sap:updatable="false" sap:sortable="false"/><Property Name="CertNo" Type="Edm.String" MaxLength="12" sap:label="Certificate" sap:creatable="false" sap:updatable="false" sap:sortable="false"/><Property Name="Description" Type="Edm.String" Nullable="false" MaxLength="40" sap:label="Description" sap:creatable="false" sap:updatable="false" sap:sortable="false" sap:filterable="false"/><Property Name="DocType" Type="Edm.String" MaxLength="27" sap:label="Reserve" sap:creatable="false" sap:updatable="false" sap:sortable="false" sap:filterable="false"/><Property Name="FileContent" Type="Edm.String" sap:label="File Content" sap:creatable="false" sap:updatable="false" sap:sortable="false" sap:filterable="false"/><Property Name="FileName" Type="Edm.String" Nullable="false" MaxLength="255" sap:label="Original" sap:creatable="false" sap:updatable="false" sap:sortable="false" sap:filterable="false"/><Property Name="FileSize" Type="Edm.String" MaxLength="12" sap:label="Size/dim." sap:creatable="false" sap:updatable="false" sap:sortable="false" sap:filterable="false"/><Property Name="MimeType" Type="Edm.String" Nullable="false" MaxLength="100" sap:label="MIME type" sap:creatable="false" sap:updatable="false" sap:sortable="false" sap:filterable="false"/></EntityType><EntityType Name="EquipmentBOM" sap:content-version="1"><Key><PropertyRef Name="AlternativeBOM"/><PropertyRef Name="BOMCategory"/><PropertyRef Name="BOMId"/><PropertyRef Name="BOMUsage"/><PropertyRef Name="EquipId"/><PropertyRef Name="Plant"/></Key><Property Name="AlternativeBOM" Type="Edm.String" Nullable="false" MaxLength="2" sap:label="Alternative" sap:creatable="false" sap:updatable="false" sap:sortable="false" sap:filterable="false"/><Property Name="BOMCategory" Type="Edm.String" Nullable="false" MaxLength="1" sap:label="BOM category" sap:creatable="false" sap:updatable="false" sap:sortable="false" sap:filterable="false"/><Property Name="BOMId" Type="Edm.String" Nullable="false" MaxLength="8" sap:label="BOM" sap:creatable="false" sap:updatable="false" sap:sortable="false" sap:filterable="false"/><Property Name="BOMUsage" Type="Edm.String" Nullable="false" MaxLength="1" sap:label="Usage" sap:creatable="false" sap:updatable="false" sap:sortable="false" sap:filterable="false"/><Property Name="EquipId" Type="Edm.String" Nullable="false" MaxLength="18" sap:label="Equipment" sap:creatable="false" sap:updatable="false" sap:filterable="false"/><Property Name="Plant" Type="Edm.String" Nullable="false" MaxLength="4" sap:label="Plant" sap:creatable="false" sap:updatable="false" sap:sortable="false" sap:filterable="false"/><NavigationProperty Name="BOMHeader_Nav" Relationship="sap_mobile.BOMHeader_EquiBOM" FromRole="ToRole_BOMHeader_EquiBOM" ToRole="FromRole_BOMHeader_EquiBOM"/></EntityType><EntityType Name="FunctionalLocationBOM" sap:content-version="1"><Key><PropertyRef Name="AlternativeBOM"/><PropertyRef Name="BOMCategory"/><PropertyRef Name="BOMId"/><PropertyRef Name="BOMUsage"/><PropertyRef Name="FuncLocIdIntern"/><PropertyRef Name="Plant"/></Key><Property Name="AlternativeBOM" Type="Edm.String" Nullable="false" MaxLength="2" sap:label="Alternative" sap:creatable="false" sap:updatable="false" sap:sortable="false" sap:filterable="false"/><Property Name="BOMCategory" Type="Edm.String" Nullable="false" MaxLength="1" sap:label="BOM category" sap:creatable="false" sap:updatable="false" sap:sortable="false" sap:filterable="false"/><Property Name="BOMId" Type="Edm.String" Nullable="false" MaxLength="8" sap:label="BOM" sap:creatable="false" sap:updatable="false" sap:sortable="false" sap:filterable="false"/><Property Name="BOMUsage" Type="Edm.String" Nullable="false" MaxLength="1" sap:label="Usage" sap:creatable="false" sap:updatable="false" sap:sortable="false" sap:filterable="false"/><Property Name="FuncLocIdIntern" Type="Edm.String" Nullable="false" MaxLength="40" sap:label="Functional loc." sap:creatable="false" sap:updatable="false" sap:filterable="false"/><Property Name="Plant" Type="Edm.String" Nullable="false" MaxLength="4" sap:label="Plant" sap:creatable="false" sap:updatable="false" sap:sortable="false" sap:filterable="false"/><NavigationProperty Name="BOMHeader_Nav" Relationship="sap_mobile.BOMHeader_FLocBOM" FromRole="ToRole_BOMHeader_FLocBOM" ToRole="FromRole_BOMHeader_FLocBOM"/></EntityType><EntityType Name="Material" sap:content-version="1"><Key><PropertyRef Name="MaterialNum"/></Key><Property Name="MaterialNum" Type="Edm.String" Nullable="false" MaxLength="40" sap:label="Material" sap:creatable="false" sap:updatable="false" sap:sortable="false" sap:filterable="false"/><Property Name="BaseUOM" Type="Edm.String" Nullable="false" MaxLength="3" sap:label="Base Unit" sap:creatable="false" sap:updatable="false" sap:sortable="false" sap:filterable="false" sap:semantics="unit-of-measure"/><Property Name="Description" Type="Edm.String" Nullable="false" MaxLength="40" sap:label="Description" sap:creatable="false" sap:updatable="false" sap:sortable="false" sap:filterable="false"/><Property Name="MaterialType" Type="Edm.String" Nullable="false" MaxLength="4" sap:label="Material Type" sap:creatable="false" sap:updatable="false" sap:sortable="false"/><Property Name="ProductHierarchy" Type="Edm.String" Nullable="false" MaxLength="18" sap:label="Prod. Hierarchy" sap:creatable="false" sap:updatable="false" sap:sortable="false" sap:filterable="false"/><Property Name="SerialNumberProfile" Type="Edm.String" Nullable="false" MaxLength="4" sap:label="Serial No. Prf." sap:creatable="false" sap:updatable="false" sap:sortable="false" sap:filterable="false"/><Property Name="Manufacturer" Type="Edm.String" Nullable="false" MaxLength="10" sap:label="Manufacturer" sap:creatable="false" sap:updatable="false" sap:sortable="false" sap:filterable="false"/><Property Name="ManufacturerPartNum" Type="Edm.String" Nullable="false" MaxLength="40" sap:label="Mfr Part Number" sap:creatable="false" sap:updatable="false" sap:sortable="false" sap:filterable="false"/><NavigationProperty Name="MaterialBoM_Nav" Relationship="sap_mobile.Material_MaterialBoM" FromRole="FromRole_Material_MaterialBoM" ToRole="ToRole_Material_MaterialBoM"/><NavigationProperty Name="MaterialPlants" Relationship="sap_mobile.Material_MaterialPlant" FromRole="FromRole_Material_MaterialPlant" ToRole="ToRole_Material_MaterialPlant"/><NavigationProperty Name="MaterialSLocs" Relationship="sap_mobile.Material_MaterialSLoc" FromRole="FromRole_Material_MaterialSLoc" ToRole="ToRole_Material_MaterialSLoc"/><NavigationProperty Name="MaterialUOMs" Relationship="sap_mobile.Material_MaterialUOM" FromRole="FromRole_Material_MaterialUOM" ToRole="ToRole_Material_MaterialUOM"/></EntityType><EntityType Name="MaterialPlant" sap:content-version="1"><Key><PropertyRef Name="MaterialNum"/><PropertyRef Name="Plant"/></Key><Property Name="MaterialNum" Type="Edm.String" Nullable="false" MaxLength="18" sap:label="Material" sap:creatable="false" sap:updatable="false"/><Property Name="Plant" Type="Edm.String" Nullable="false" MaxLength="4" sap:label="Plant" sap:creatable="false" sap:updatable="false"/><Property Name="BatchIndicator" Type="Edm.String" Nullable="false" MaxLength="1" sap:label="Batch Mgmt Rqt" sap:creatable="false" sap:updatable="false" sap:sortable="false" sap:filterable="false"/><Property Name="PurchasingGroup" Type="Edm.String" Nullable="false" MaxLength="3" sap:label="Purch. Group" sap:creatable="false" sap:updatable="false" sap:sortable="false" sap:filterable="false"/><NavigationProperty Name="Material" Relationship="sap_mobile.Material_MaterialPlant" FromRole="ToRole_Material_MaterialPlant" ToRole="FromRole_Material_MaterialPlant"/><NavigationProperty Name="MaterialSLocs" Relationship="sap_mobile.MaterialPlant_MaterialSLoc" FromRole="FromRole_MaterialPlant_MaterialSLoc" ToRole="ToRole_MaterialPlant_MaterialSLoc"/></EntityType><EntityType Name="MaterialSLoc" sap:content-version="1"><Key><PropertyRef Name="MaterialNum"/><PropertyRef Name="Plant"/><PropertyRef Name="StorageLocation"/></Key><Property Name="MaterialNum" Type="Edm.String" Nullable="false" MaxLength="40" sap:label="Material" sap:creatable="false" sap:updatable="false" sap:sortable="false" sap:filterable="false"/><Property Name="Plant" Type="Edm.String" Nullable="false" MaxLength="4" sap:label="Plant" sap:creatable="false" sap:updatable="false" sap:sortable="false" sap:filterable="false"/><Property Name="StorageLocation" Type="Edm.String" Nullable="false" MaxLength="4" sap:label="Storage Loc." sap:creatable="false" sap:updatable="false" sap:sortable="false"/><Property Name="BatchIndicator" Type="Edm.String" Nullable="false" MaxLength="1" sap:label="Batch Mgmt Rqt" sap:creatable="false" sap:updatable="false" sap:sortable="false" sap:filterable="false"/><Property Name="StorageBin" Type="Edm.String" Nullable="false" MaxLength="10" sap:label="Storage Bin" sap:creatable="false" sap:updatable="false" sap:sortable="false" sap:filterable="false"/><Property Name="StorageLocationDesc" Type="Edm.String" Nullable="false" MaxLength="16" sap:label="Description" sap:creatable="false" sap:updatable="false" sap:sortable="false" sap:filterable="false"/><Property Name="MaterialDesc" Type="Edm.String" Nullable="false" MaxLength="40" sap:label="Description" sap:creatable="false" sap:updatable="false" sap:sortable="false" sap:filterable="false"/><Property Name="Manufacturer" Type="Edm.String" Nullable="false" MaxLength="10" sap:label="Manufacturer" sap:creatable="false" sap:updatable="false" sap:sortable="false" sap:filterable="false"/><Property Name="ManufacturerPartNum" Type="Edm.String" Nullable="false" MaxLength="40" sap:label="Mfr Part Number" sap:creatable="false" sap:updatable="false" sap:sortable="false" sap:filterable="false"/><Property Name="UnrestrictedQuantity" Type="Edm.Decimal" Nullable="false" Precision="13" Scale="3" sap:label="Unrestricted" sap:creatable="false" sap:updatable="false" sap:sortable="false" sap:filterable="false"/><NavigationProperty Name="Material" Relationship="sap_mobile.Material_MaterialSLoc" FromRole="ToRole_Material_MaterialSLoc" ToRole="FromRole_Material_MaterialSLoc"/><NavigationProperty Name="MaterialPlant" Relationship="sap_mobile.MaterialPlant_MaterialSLoc" FromRole="ToRole_MaterialPlant_MaterialSLoc" ToRole="FromRole_MaterialPlant_MaterialSLoc"/></EntityType><EntityType Name="MaterialUOM" sap:content-version="1"><Key><PropertyRef Name="MaterialNum"/><PropertyRef Name="UOM"/></Key><Property Name="MaterialNum" Type="Edm.String" Nullable="false" MaxLength="40" sap:label="Material" sap:creatable="false" sap:updatable="false" sap:sortable="false" sap:filterable="false"/><Property Name="UOM" Type="Edm.String" Nullable="false" MaxLength="3" sap:label="Unit of Measure" sap:creatable="false" sap:updatable="false" sap:sortable="false" sap:filterable="false" sap:semantics="unit-of-measure"/><Property Name="BaseFlag" Type="Edm.Boolean" Nullable="false" sap:label="Boolean" sap:creatable="false" sap:updatable="false" sap:sortable="false" sap:filterable="false"/><Property Name="BaseUOM" Type="Edm.String" Nullable="false" MaxLength="3" sap:label="Unit of Measure" sap:creatable="false" sap:updatable="false" sap:sortable="false" sap:filterable="false" sap:semantics="unit-of-measure"/><Property Name="BatchIndicator" Type="Edm.String" Nullable="false" MaxLength="1" sap:label="Batch Mgmt Rqt" sap:creatable="false" sap:updatable="false" sap:sortable="false" sap:filterable="false"/><Property Name="ConversionFactor" Type="Edm.Decimal" Nullable="false" Precision="10" Scale="3" sap:label="Number" sap:creatable="false" sap:updatable="false" sap:sortable="false" sap:filterable="false"/><Property Name="Denominator" Type="Edm.Decimal" Nullable="false" Precision="6" Scale="0" sap:label="Denominator" sap:creatable="false" sap:updatable="false" sap:sortable="false" sap:filterable="false"/><Property Name="Numerator" Type="Edm.Decimal" Nullable="false" Precision="6" Scale="0" sap:label="Numerator" sap:creatable="false" sap:updatable="false" sap:sortable="false" sap:filterable="false"/><NavigationProperty Name="Material" Relationship="sap_mobile.Material_MaterialUOM" FromRole="ToRole_Material_MaterialUOM" ToRole="FromRole_Material_MaterialUOM"/></EntityType><EntityType Name="OauthToken" sap:content-version="1"><Key><PropertyRef Name="ParameterGroup"/><PropertyRef Name="ParameterName"/><PropertyRef Name="RFCDestination"/></Key><Property Name="ParameterGroup" Type="Edm.String" Nullable="false" MaxLength="40" sap:label="Parameter Group" sap:creatable="false" sap:updatable="false" sap:sortable="false"/><Property Name="ParameterName" Type="Edm.String" Nullable="false" MaxLength="100" sap:label="Param. Name" sap:creatable="false" sap:updatable="false" sap:sortable="false"/><Property Name="RFCDestination" Type="Edm.String" Nullable="false" MaxLength="32" sap:label="Destination" sap:creatable="false" sap:updatable="false" sap:sortable="false"/><Property Name="ExpiresIn" Type="Edm.String" Nullable="false" MaxLength="20" sap:label="Char20" sap:creatable="false" sap:updatable="false" sap:sortable="false" sap:filterable="false"/><Property Name="OauthToken" Type="Edm.String" Nullable="false" MaxLength="260" sap:label="Char 260" sap:creatable="false" sap:updatable="false" sap:sortable="false" sap:filterable="false"/></EntityType><EntityType Name="MobileClientSynchronizationSession" sap:content-version="1"><Key><PropertyRef Name="SessionGUID"/></Key><Property Name="SessionGUID" Type="Edm.String" Nullable="false" MaxLength="32" sap:label="Session GUID"/><Property Name="UserGUID" Type="Edm.String" MaxLength="32" sap:label="User GUID"/><Property Name="SessionBeginTimeStamp" Type="Edm.DateTime" Precision="0" sap:label="Creation Time Stamp"/><Property Name="SessionCloseTimeStamp" Type="Edm.DateTime" Precision="0" sap:label="Sess. Close Time"/><Property Name="CreatedBy" Type="Edm.String" MaxLength="12" sap:label="Created By"/></EntityType><Association Name="BOMHeader_EquiBOM" sap:content-version="1"><End Type="sap_mobile.BOMHeader" Multiplicity="0..1" Role="FromRole_BOMHeader_EquiBOM"><OnDelete Action="None"/></End><End Type="sap_mobile.EquipmentBOM" Multiplicity="*" Role="ToRole_BOMHeader_EquiBOM"><OnDelete Action="None"/></End><ReferentialConstraint><Principal Role="FromRole_BOMHeader_EquiBOM"><PropertyRef Name="BOMId"/><PropertyRef Name="BOMCategory"/></Principal><Dependent Role="ToRole_BOMHeader_EquiBOM"><PropertyRef Name="BOMId"/><PropertyRef Name="BOMCategory"/></Dependent></ReferentialConstraint></Association><Association Name="BOMHeader_FLocBOM" sap:content-version="1"><End Type="sap_mobile.BOMHeader" Multiplicity="0..1" Role="FromRole_BOMHeader_FLocBOM"><OnDelete Action="None"/></End><End Type="sap_mobile.FunctionalLocationBOM" Multiplicity="*" Role="ToRole_BOMHeader_FLocBOM"><OnDelete Action="None"/></End><ReferentialConstraint><Principal Role="FromRole_BOMHeader_FLocBOM"><PropertyRef Name="BOMId"/><PropertyRef Name="BOMCategory"/></Principal><Dependent Role="ToRole_BOMHeader_FLocBOM"><PropertyRef Name="BOMId"/><PropertyRef Name="BOMCategory"/></Dependent></ReferentialConstraint></Association><Association Name="BOMHeader_BOMItem" sap:content-version="1"><End Type="sap_mobile.BOMHeader" Multiplicity="0..1" Role="FromRole_BOMHeader_BOMItem"><OnDelete Action="None"/></End><End Type="sap_mobile.BOMItem" Multiplicity="*" Role="ToRole_BOMHeader_BOMItem"><OnDelete Action="None"/></End><ReferentialConstraint><Principal Role="FromRole_BOMHeader_BOMItem"><PropertyRef Name="BOMId"/><PropertyRef Name="BOMCategory"/></Principal><Dependent Role="ToRole_BOMHeader_BOMItem"><PropertyRef Name="BOMId"/><PropertyRef Name="BOMCategory"/></Dependent></ReferentialConstraint></Association><Association Name="Material_MaterialBoM" sap:content-version="1"><End Type="sap_mobile.Material" Multiplicity="0..1" Role="FromRole_Material_MaterialBoM"><OnDelete Action="None"/></End><End Type="sap_mobile.BOMItem" Multiplicity="*" Role="ToRole_Material_MaterialBoM"><OnDelete Action="None"/></End><ReferentialConstraint><Principal Role="FromRole_Material_MaterialBoM"><PropertyRef Name="MaterialNum"/></Principal><Dependent Role="ToRole_Material_MaterialBoM"><PropertyRef Name="MaterialNum"/></Dependent></ReferentialConstraint></Association><Association Name="Material_MaterialPlant" sap:content-version="1"><End Type="sap_mobile.Material" Multiplicity="1" Role="FromRole_Material_MaterialPlant"><OnDelete Action="None"/></End><End Type="sap_mobile.MaterialPlant" Multiplicity="*" Role="ToRole_Material_MaterialPlant"><OnDelete Action="None"/></End><ReferentialConstraint><Principal Role="FromRole_Material_MaterialPlant"><PropertyRef Name="MaterialNum"/></Principal><Dependent Role="ToRole_Material_MaterialPlant"><PropertyRef Name="MaterialNum"/></Dependent></ReferentialConstraint></Association><Association Name="Material_MaterialSLoc" sap:content-version="1"><End Type="sap_mobile.Material" Multiplicity="1" Role="FromRole_Material_MaterialSLoc"><OnDelete Action="None"/></End><End Type="sap_mobile.MaterialSLoc" Multiplicity="*" Role="ToRole_Material_MaterialSLoc"><OnDelete Action="None"/></End><ReferentialConstraint><Principal Role="FromRole_Material_MaterialSLoc"><PropertyRef Name="MaterialNum"/></Principal><Dependent Role="ToRole_Material_MaterialSLoc"><PropertyRef Name="MaterialNum"/></Dependent></ReferentialConstraint></Association><Association Name="Material_MaterialUOM" sap:content-version="1"><End Type="sap_mobile.Material" Multiplicity="1" Role="FromRole_Material_MaterialUOM"><OnDelete Action="None"/></End><End Type="sap_mobile.MaterialUOM" Multiplicity="*" Role="ToRole_Material_MaterialUOM"><OnDelete Action="None"/></End><ReferentialConstraint><Principal Role="FromRole_Material_MaterialUOM"><PropertyRef Name="MaterialNum"/></Principal><Dependent Role="ToRole_Material_MaterialUOM"><PropertyRef Name="MaterialNum"/></Dependent></ReferentialConstraint></Association><Association Name="MaterialPlant_MaterialSLoc" sap:content-version="1"><End Type="sap_mobile.MaterialPlant" Multiplicity="1" Role="FromRole_MaterialPlant_MaterialSLoc"><OnDelete Action="None"/></End><End Type="sap_mobile.MaterialSLoc" Multiplicity="*" Role="ToRole_MaterialPlant_MaterialSLoc"><OnDelete Action="None"/></End><ReferentialConstraint><Principal Role="FromRole_MaterialPlant_MaterialSLoc"><PropertyRef Name="Plant"/><PropertyRef Name="MaterialNum"/></Principal><Dependent Role="ToRole_MaterialPlant_MaterialSLoc"><PropertyRef Name="Plant"/><PropertyRef Name="MaterialNum"/></Dependent></ReferentialConstraint></Association><EntityContainer Name="sap_mobile_Entities" m:IsDefaultEntityContainer="true" sap:supported-formats="atom json xlsx" sap:use-batch="true"><EntitySet Name="MobileClientSynchronizationSessions" EntityType="sap_mobile.MobileClientSynchronizationSession" sap:content-version="1"/><EntitySet Name="BOMHeaders" EntityType="sap_mobile.BOMHeader" sap:creatable="false" sap:updatable="false" sap:deletable="false" sap:pageable="false" sap:addressable="false" sap:content-version="1"/><EntitySet Name="BOMItems" EntityType="sap_mobile.BOMItem" sap:creatable="false" sap:updatable="false" sap:deletable="false" sap:pageable="false" sap:addressable="false" sap:content-version="1"/><EntitySet Name="Certificates" EntityType="sap_mobile.Certificate" sap:creatable="false" sap:updatable="false" sap:deletable="false" sap:addressable="false" sap:requires-filter="true" sap:content-version="1"/><EntitySet Name="EquipmentBOMs" EntityType="sap_mobile.EquipmentBOM" sap:creatable="false" sap:updatable="false" sap:deletable="false" sap:pageable="false" sap:addressable="false" sap:content-version="1"/><EntitySet Name="FunctionalLocationBOMs" EntityType="sap_mobile.FunctionalLocationBOM" sap:creatable="false" sap:updatable="false" sap:deletable="false" sap:pageable="false" sap:addressable="false" sap:content-version="1"/><EntitySet Name="Materials" EntityType="sap_mobile.Material" sap:creatable="false" sap:updatable="false" sap:deletable="false" sap:pageable="false" sap:addressable="false" sap:content-version="1"/><EntitySet Name="MaterialPlants" EntityType="sap_mobile.MaterialPlant" sap:creatable="false" sap:updatable="false" sap:deletable="false" sap:addressable="false" sap:content-version="1"/><EntitySet Name="MaterialSLocs" EntityType="sap_mobile.MaterialSLoc" sap:creatable="false" sap:updatable="false" sap:deletable="false" sap:pageable="false" sap:addressable="false" sap:content-version="1"/><EntitySet Name="MaterialUOMs" EntityType="sap_mobile.MaterialUOM" sap:creatable="false" sap:updatable="false" sap:deletable="false" sap:pageable="false" sap:addressable="false" sap:content-version="1"/><EntitySet Name="OauthTokens" EntityType="sap_mobile.OauthToken" sap:creatable="false" sap:updatable="false" sap:deletable="false" sap:pageable="false" sap:addressable="false" sap:content-version="1"/><AssociationSet Name="Material_MaterialPlant_ASet" Association="sap_mobile.Material_MaterialPlant" sap:creatable="false" sap:updatable="false" sap:deletable="false" sap:content-version="1"><End EntitySet="Materials" Role="FromRole_Material_MaterialPlant"/><End EntitySet="MaterialPlants" Role="ToRole_Material_MaterialPlant"/></AssociationSet><AssociationSet Name="Material_MaterialUOM_ASet" Association="sap_mobile.Material_MaterialUOM" sap:creatable="false" sap:updatable="false" sap:deletable="false" sap:content-version="1"><End EntitySet="Materials" Role="FromRole_Material_MaterialUOM"/><End EntitySet="MaterialUOMs" Role="ToRole_Material_MaterialUOM"/></AssociationSet><AssociationSet Name="Material_MaterialBoM_ASet" Association="sap_mobile.Material_MaterialBoM" sap:creatable="false" sap:updatable="false" sap:deletable="false" sap:content-version="1"><End EntitySet="Materials" Role="FromRole_Material_MaterialBoM"/><End EntitySet="BOMItems" Role="ToRole_Material_MaterialBoM"/></AssociationSet><AssociationSet Name="BOMHeader_BOMItem_ASet" Association="sap_mobile.BOMHeader_BOMItem" sap:creatable="false" sap:updatable="false" sap:deletable="false" sap:content-version="1"><End EntitySet="BOMHeaders" Role="FromRole_BOMHeader_BOMItem"/><End EntitySet="BOMItems" Role="ToRole_BOMHeader_BOMItem"/></AssociationSet><AssociationSet Name="BOMHeader_EquiBOM_ASet" Association="sap_mobile.BOMHeader_EquiBOM" sap:creatable="false" sap:updatable="false" sap:deletable="false" sap:content-version="1"><End EntitySet="BOMHeaders" Role="FromRole_BOMHeader_EquiBOM"/><End EntitySet="EquipmentBOMs" Role="ToRole_BOMHeader_EquiBOM"/></AssociationSet><AssociationSet Name="BOMHeader_FLocBOM_ASet" Association="sap_mobile.BOMHeader_FLocBOM" sap:creatable="false" sap:updatable="false" sap:deletable="false" sap:content-version="1"><End EntitySet="BOMHeaders" Role="FromRole_BOMHeader_FLocBOM"/><End EntitySet="FunctionalLocationBOMs" Role="ToRole_BOMHeader_FLocBOM"/></AssociationSet><AssociationSet Name="Material_MaterialSLoc_ASet" Association="sap_mobile.Material_MaterialSLoc" sap:creatable="false" sap:updatable="false" sap:deletable="false" sap:content-version="1"><End EntitySet="Materials" Role="FromRole_Material_MaterialSLoc"/><End EntitySet="MaterialSLocs" Role="ToRole_Material_MaterialSLoc"/></AssociationSet><AssociationSet Name="MaterialPlant_MaterialSLoc_ASet" Association="sap_mobile.MaterialPlant_MaterialSLoc" sap:creatable="false" sap:updatable="false" sap:deletable="false" sap:content-version="1"><End EntitySet="MaterialPlants" Role="FromRole_MaterialPlant_MaterialSLoc"/><End EntitySet="MaterialSLocs" Role="ToRole_MaterialPlant_MaterialSLoc"/></AssociationSet><FunctionImport Name="OpenSyncSession" ReturnType="sap_mobile.MobileClientSynchronizationSession" EntitySet="MobileClientSynchronizationSessions" m:HttpMethod="POST" sap:action-for="sap_mobile.MobileClientSynchronizationSession"><Parameter Name="SAPProductTechName" Type="Edm.String" Mode="In" MaxLength="40"/></FunctionImport><FunctionImport Name="CloseSyncSession" ReturnType="sap_mobile.MobileClientSynchronizationSession" EntitySet="MobileClientSynchronizationSessions" m:HttpMethod="POST"><Parameter Name="SAPProductTechName" Type="Edm.String" Mode="In" MaxLength="40"/></FunctionImport></EntityContainer><link xmlns:atom="http://www.w3.org/2005/Atom" rel="self" href="https://mobile-ifn4zvvc3g.eu2.hana.ondemand.com/DEST_SAM2010_ONLINE_PPROP/$metadata"/><link xmlns:atom="http://www.w3.org/2005/Atom" rel="latest-version" href="https://mobile-ifn4zvvc3g.eu2.hana.ondemand.com/DEST_SAM2010_ONLINE_PPROP/$metadata"/></Schema></DataServices></Edmx>